<assembly
	xmlns="http://maven.apache.org/plugins/maven-assembly-plugin/assembly/1.1.0"
	xmlns:xsi="http://www.w3.org/2001/XMLSchema-instance"
	xsi:schemaLocation="http://maven.apache.org/plugins/maven-assembly-plugin/assembly/1.1.0 http://maven.apache.org/xsd/assembly-1.1.0.xsd">
	<id>complete</id>
	<formats>
		<format>jar</format>
	</formats>
	<includeBaseDirectory>false</includeBaseDirectory>
	<dependencySets>
		<dependencySet>
			<outputDirectory></outputDirectory>
			<outputFileNameMapping></outputFileNameMapping>
			<useProjectArtifact>false</useProjectArtifact>
			<unpack>true</unpack>
			<scope>runtime</scope>
			<includes>
				<include>org.ujmp:ujmp-colt</include>
				<include>org.ujmp:ujmp-commonsmath</include>
				<include>org.ujmp:ujmp-complete</include>
				<include>org.ujmp:ujmp-core</include>
				<include>org.ujmp:ujmp-ehcache</include>
				<include>org.ujmp:ujmp-ejml</include>
				<include>org.ujmp:ujmp-elasticsearch</include>
				<include>org.ujmp:ujmp-examples</include>
				<include>org.ujmp:ujmp-gui</include>
				<include>org.ujmp:ujmp-hadoop</include>
				<include>org.ujmp:ujmp-itext</include>
				<include>org.ujmp:ujmp-jackcess</include>
				<include>org.ujmp:ujmp-jama</include>
				<include>org.ujmp:ujmp-jblas</include>
				<include>org.ujmp:ujmp-jdbc</include>
				<include>org.ujmp:ujmp-jetty</include>
				<include>org.ujmp:ujmp-jfreechart</include>
				<include>org.ujmp:ujmp-jmatio</include>
				<include>org.ujmp:ujmp-jsch</include>
				<include>org.ujmp:ujmp-jsci</include>
				<include>org.ujmp:ujmp-jscience</include>
				<include>org.ujmp:ujmp-jung</include>
				<include>org.ujmp:ujmp-la4j</include>
				<include>org.ujmp:ujmp-lucene</include>
				<include>org.ujmp:ujmp-mail</include>
				<include>org.ujmp:ujmp-mtj</include>
				<include>org.ujmp:ujmp-ojalgo</include>
				<include>org.ujmp:ujmp-parallelcolt</include>
				<include>org.ujmp:ujmp-pdfbox</include>
				<include>org.ujmp:ujmp-poi</include>
				<include>org.ujmp:ujmp-vecmath</include>
			</includes>
		</dependencySet>
	</dependencySets>
	<fileSets>
		<fileSet>
			<directory>target/classes</directory>
			<outputDirectory></outputDirectory>
		</fileSet>
	</fileSets>
</assembly>
