<assembly
	xmlns="http://maven.apache.org/plugins/maven-assembly-plugin/assembly/1.1.0"
	xmlns:xsi="http://www.w3.org/2001/XMLSchema-instance"
	xsi:schemaLocation="http://maven.apache.org/plugins/maven-assembly-plugin/assembly/1.1.0 http://maven.apache.org/xsd/assembly-1.1.0.xsd">
	<id>sources</id>
	<formats>
		<format>jar</format>
	</formats>
	<includeBaseDirectory>false</includeBaseDirectory>

	<fileSets>
		<fileSet>
			<directory>../ujmp-core/src/main/java</directory>
			<outputDirectory></outputDirectory>
		</fileSet>
		<fileSet>
			<directory>../ujmp-gui/src/main/java</directory>
			<outputDirectory></outputDirectory>
		</fileSet>
		<fileSet>
			<directory>../ujmp-complete/src/main/java</directory>
			<outputDirectory></outputDirectory>
		</fileSet>
		<fileSet>
			<directory>../ujmp-colt/src/main/java</directory>
			<outputDirectory></outputDirectory>
		</fileSet>
		<fileSet>
			<directory>../ujmp-commonsmath/src/main/java</directory>
			<outputDirectory></outputDirectory>
		</fileSet>
		<fileSet>
			<directory>../ujmp-ehcache/src/main/java</directory>
			<outputDirectory></outputDirectory>
		</fileSet>
		<fileSet>
			<directory>../ujmp-ejml/src/main/java</directory>
			<outputDirectory></outputDirectory>
		</fileSet>		
		<fileSet>
			<directory>../ujmp-hadoop/src/main/java</directory>
			<outputDirectory></outputDirectory>
		</fileSet>
		<fileSet>
			<directory>../ujmp-itext/src/main/java</directory>
			<outputDirectory></outputDirectory>
		</fileSet>
		<fileSet>
			<directory>../ujmp-jackcess/src/main/java</directory>
			<outputDirectory></outputDirectory>
		</fileSet>
		<fileSet>
			<directory>../ujmp-jama/src/main/java</directory>
			<outputDirectory></outputDirectory>
		</fileSet>		
		<fileSet>
			<directory>../ujmp-jblas/src/main/java</directory>
			<outputDirectory></outputDirectory>
		</fileSet>		
		<fileSet>
			<directory>../ujmp-jdbc/src/main/java</directory>
			<outputDirectory></outputDirectory>
		</fileSet>
		<fileSet>
			<directory>../ujmp-jetty/src/main/java</directory>
			<outputDirectory></outputDirectory>
		</fileSet>		
		<fileSet>
			<directory>../ujmp-jfreechart/src/main/java</directory>
			<outputDirectory></outputDirectory>
		</fileSet>		
		<fileSet>
			<directory>../ujmp-jmatio/src/main/java</directory>
			<outputDirectory></outputDirectory>
		</fileSet>		
		<fileSet>
			<directory>../ujmp-jsci/src/main/java</directory>
			<outputDirectory></outputDirectory>
		</fileSet>
		<fileSet>
			<directory>../ujmp-jscience/src/main/java</directory>
			<outputDirectory></outputDirectory>
		</fileSet>
		<fileSet>
			<directory>../ujmp-jung/src/main/java</directory>
			<outputDirectory></outputDirectory>
		</fileSet>
		<fileSet>
			<directory>../ujmp-la4j/src/main/java</directory>
			<outputDirectory></outputDirectory>
		</fileSet>
		<fileSet>
			<directory>../ujmp-lucene/src/main/java</directory>
			<outputDirectory></outputDirectory>
		</fileSet>
		<fileSet>
			<directory>../ujmp-mail/src/main/java</directory>
			<outputDirectory></outputDirectory>
		</fileSet>		
		<fileSet>
			<directory>../ujmp-mtj/src/main/java</directory>
			<outputDirectory></outputDirectory>
		</fileSet>
		<fileSet>
			<directory>../ujmp-ojalgo/src/main/java</directory>
			<outputDirectory></outputDirectory>
		</fileSet>				
		<fileSet>
			<directory>../ujmp-parallelcolt/src/main/java</directory>
			<outputDirectory></outputDirectory>
		</fileSet>
		<fileSet>
			<directory>../ujmp-pdfbox/src/main/java</directory>
			<outputDirectory></outputDirectory>
		</fileSet>		
		<fileSet>
			<directory>../ujmp-vecmath/src/main/java</directory>
			<outputDirectory></outputDirectory>
		</fileSet>
	</fileSets>
</assembly>
